<?xml version="1.0" encoding="UTF-8"?>
<ti:module xmlns:ti="http://ti.appcelerator.org" xmlns:android="http://schemas.android.com/apk/res/android">
	<!-- Similar to tiapp.xml, but contains module/platform specific configuration in <iphone> and <android> sections -->
	<iphone></iphone>
	<android xmlns:android="http://schemas.android.com/apk/res/android">
		<manifest>
			<application>
				<receiver android:exported="true" android:name=".WidgetProvider1x1" android:enabled="true">
					<intent-filter>
						<action android:name="android.appwidget.action.APPWIDGET_UPDATE"/>
					</intent-filter>
					<meta-data android:name="android.appwidget.provider" android:resource="@xml/appwidget_info1x1"/>
				</receiver>

				<receiver android:exported="true" android:name=".WidgetProvider2x1" android:enabled="true">
					<intent-filter>
						<action android:name="android.appwidget.action.APPWIDGET_UPDATE"/>
					</intent-filter>
					<meta-data android:name="android.appwidget.provider" android:resource="@xml/appwidget_info2x1"/>
				</receiver>

			</application>
		</manifest>
	</android>
</ti:module>
