{"proxies":{"ti.widget.TiWidgetModule":{"superPackageName":"org.appcelerator.kroll","methods":{"updateWidgets":{"runOnUiThread":false,"hasInvocation":false,"args":[],"apiName":"updateWidgets","converter":"org.appcelerator.kroll.KrollConverter","defaultValueProvider":"org.appcelerator.kroll.KrollConverter","name":"__default_name__","returnType":"void"}},"superProxyBindingClassName":"org.appcelerator.kroll.KrollModuleBindingGen","proxyClassName":"TiWidgetModule","proxyAttrs":{"propertyAccessors":[],"fullAPIName":"TiWidget","name":"TiWidget","proxyClassName":"ti.widget.TiWidgetModule","isTopLevel":false,"id":"ti.widget"},"packageName":"ti.widget","sourceName":"ti.widget.TiWidgetModuleBindingGen","superProxyClassName":"KrollModule","isModule":true,"genClassName":"TiWidgetModuleBindingGen","onAppCreate":"onAppCreate"}},"modules":{"ti.widget.TiWidgetModule":{"apiName":"TiWidget"}}}